Ticker,Type
A,Stock
AAL,Stock
AAPL,Stock
ABBV,Stock
ABNB,Stock
ABT,Stock
ACGL,Stock
ACN,Stock
ADBE,Stock
ADI,Stock
ADM,Stock
ADP,Stock
ADSK,Stock
AEE,Stock
AEP,Stock
AES,Stock
AFL,Stock
AIG,Stock
AIZ,Stock
AJG,Stock
AKAM,Stock
ALB,Stock
ALGN,Stock
ALL,Stock
ALLE,Stock
AMAT,Stock
AMCR,Stock
AMD,Stock
AME,Stock
AMGN,Stock
AMP,Stock
AMT,Stock
AMZN,Stock
ANET,Stock
ANSS,Stock
AON,Stock
AOS,Stock
APA,Stock
APD,Stock
APH,Stock
APTV,Stock
ARE,Stock
ATO,Stock
AVB,Stock
AVGO,Stock
AVY,Stock
AWK,Stock
AXON,Stock
AXP,Stock
AZO,Stock
BA,Stock
BAC,Stock
BALL,Stock
BAX,Stock
BBWI,Stock
BBY,Stock
BDX,Stock
BEN,Stock
BF-B,Stock
BG,Stock
BIIB,Stock
BIO,Stock
BK,Stock
BKNG,Stock
BKR,Stock
BLDR,Stock
BLK,Stock
BMY,Stock
BR,Stock
BRK-B,Stock
BRO,Stock
BSX,Stock
BWA,Stock
BX,Stock
BXP,Stock
C,Stock
CAG,Stock
CAH,Stock
CARR,Stock
CAT,Stock
CB,Stock
CBOE,Stock
CBRE,Stock
CCI,Stock
CCL,Stock
CDNS,Stock
CDW,Stock
CE,Stock
CEG,Stock
CF,Stock
CFG,Stock
CHD,Stock
CHRW,Stock
CHTR,Stock
CI,Stock
CINF,Stock
CL,Stock
CLX,Stock
CMA,Stock
CMCSA,Stock
CME,Stock
CMG,Stock
CMI,Stock
CMS,Stock
CNC,Stock
CNP,Stock
COF,Stock
COO,Stock
COP,Stock
COR,Stock
COST,Stock
CPAY,Stock
CPB,Stock
CPRT,Stock
CPT,Stock
CRL,Stock
CRM,Stock
CSCO,Stock
CSGP,Stock
CSX,Stock
CTAS,Stock
CTLT,Stock
CTRA,Stock
CTSH,Stock
CTVA,Stock
CVS,Stock
CVX,Stock
CZR,Stock
D,Stock
DAL,Stock
DAY,Stock
DD,Stock
DE,Stock
DECK,Stock
DFS,Stock
DG,Stock
DGX,Stock
DHI,Stock
DHR,Stock
DIS,Stock
DLR,Stock
DLTR,Stock
DOC,Stock
DOV,Stock
DOW,Stock
DPZ,Stock
DRI,Stock
DTE,Stock
DUK,Stock
DVA,Stock
DVN,Stock
DXCM,Stock
EA,Stock
EBAY,Stock
ECL,Stock
ED,Stock
EFX,Stock
EG,Stock
EIX,Stock
EL,Stock
ELV,Stock
EMN,Stock
EMR,Stock
ENPH,Stock
EOG,Stock
EPAM,Stock
EQIX,Stock
EQR,Stock
EQT,Stock
ES,Stock
ESS,Stock
ETN,Stock
ETR,Stock
ETSY,Stock
EVRG,Stock
EW,Stock
EXC,Stock
EXPD,Stock
EXPE,Stock
EXR,Stock
F,Stock
FANG,Stock
FAST,Stock
FCX,Stock
FDS,Stock
FDX,Stock
FE,Stock
FFIV,Stock
FI,Stock
FICO,Stock
FIS,Stock
FITB,Stock
FMC,Stock
FOX,Stock
FRT,Stock
FSLR,Stock
FTNT,Stock
FTV,Stock
GD,Stock
GE,Stock
GEHC,Stock
GEN,Stock
GEV,Stock
GILD,Stock
GIS,Stock
GL,Stock
GLW,Stock
GM,Stock
GNRC,Stock
GOOG,Stock
GPC,Stock
GPN,Stock
GRMN,Stock
GS,Stock
GWW,Stock
HAL,Stock
HAS,Stock
HBAN,Stock
HCA,Stock
HD,Stock
HES,Stock
HIG,Stock
HII,Stock
HLT,Stock
HOLX,Stock
HON,Stock
HPE,Stock
HPQ,Stock
HRL,Stock
HSIC,Stock
HST,Stock
HSY,Stock
HUBB,Stock
HUM,Stock
HWM,Stock
IBM,Stock
ICE,Stock
IDXX,Stock
IEX,Stock
IFF,Stock
ILMN,Stock
INCY,Stock
INTC,Stock
INTU,Stock
INVH,Stock
IP,Stock
IPG,Stock
IQV,Stock
IR,Stock
IRM,Stock
ISRG,Stock
IT,Stock
ITW,Stock
IVZ,Stock
J,Stock
JBHT,Stock
JBL,Stock
JCI,Stock
JKHY,Stock
JNJ,Stock
JNPR,Stock
JPM,Stock
K,Stock
KDP,Stock
KEY,Stock
KEYS,Stock
KHC,Stock
KIM,Stock
KLAC,Stock
KMB,Stock
KMI,Stock
KMX,Stock
KO,Stock
KR,Stock
KVUE,Stock
L,Stock
LDOS,Stock
LEN,Stock
LH,Stock
LHX,Stock
LIN,Stock
LKQ,Stock
LLY,Stock
LMT,Stock
LNT,Stock
LOW,Stock
LRCX,Stock
LULU,Stock
LUV,Stock
LVS,Stock
LW,Stock
LYB,Stock
LYV,Stock
MA,Stock
MAA,Stock
MAR,Stock
MAS,Stock
MCD,Stock
MCHP,Stock
MCK,Stock
MCO,Stock
MDLZ,Stock
MDT,Stock
MET,Stock
META,Stock
MGM,Stock
MHK,Stock
MKC,Stock
MKTX,Stock
MLM,Stock
MMC,Stock
MMM,Stock
MNST,Stock
MO,Stock
MOH,Stock
MOS,Stock
MPC,Stock
MPWR,Stock
MRK,Stock
MRNA,Stock
MRO,Stock
MS,Stock
MSCI,Stock
MSFT,Stock
MSI,Stock
MTB,Stock
MTCH,Stock
MTD,Stock
MU,Stock
NCLH,Stock
NDAQ,Stock
NDSN,Stock
NEE,Stock
NEM,Stock
NFLX,Stock
NI,Stock
NKE,Stock
NOC,Stock
NOW,Stock
NRG,Stock
NSC,Stock
NTAP,Stock
NTRS,Stock
NUE,Stock
NVDA,Stock
NVR,Stock
NWS,Stock
NXPI,Stock
O,Stock
ODFL,Stock
OKE,Stock
OMC,Stock
ON,Stock
ORCL,Stock
ORLY,Stock
OTIS,Stock
OXY,Stock
PANW,Stock
PARA,Stock
PAYC,Stock
PAYX,Stock
PCAR,Stock
PCG,Stock
PEG,Stock
PEP,Stock
PFE,Stock
PFG,Stock
PG,Stock
PGR,Stock
PH,Stock
PHM,Stock
PKG,Stock
PLD,Stock
PM,Stock
PNC,Stock
PNR,Stock
PNW,Stock
PODD,Stock
POOL,Stock
PPG,Stock
PPL,Stock
PRU,Stock
PSA,Stock
PSX,Stock
PTC,Stock
PWR,Stock
PYPL,Stock
QCOM,Stock
QRVO,Stock
RCL,Stock
REG,Stock
REGN,Stock
RF,Stock
RHI,Stock
RJF,Stock
RL,Stock
RMD,Stock
ROK,Stock
ROL,Stock
ROP,Stock
ROST,Stock
RSG,Stock
RTX,Stock
RVTY,Stock
SBAC,Stock
SBUX,Stock
SCHW,Stock
SHW,Stock
SJM,Stock
SLB,Stock
SMCI,Stock
SNA,Stock
SNPS,Stock
SO,Stock
SOLV,Stock
SPG,Stock
SPGI,Stock
SRE,Stock
STE,Stock
STLD,Stock
STT,Stock
STX,Stock
STZ,Stock
SWK,Stock
SWKS,Stock
SYF,Stock
SYK,Stock
SYY,Stock
T,Stock
TAP,Stock
TDG,Stock
TDY,Stock
TECH,Stock
TEL,Stock
TER,Stock
TFC,Stock
TFX,Stock
TGT,Stock
TJX,Stock
TMO,Stock
TMUS,Stock
TPR,Stock
TRGP,Stock
TRMB,Stock
TROW,Stock
TRV,Stock
TSCO,Stock
TSLA,Stock
TSN,Stock
TT,Stock
TTWO,Stock
TXN,Stock
TXT,Stock
TYL,Stock
UAL,Stock
UBER,Stock
UDR,Stock
UHS,Stock
ULTA,Stock
UNH,Stock
UNP,Stock
UPS,Stock
URI,Stock
USB,Stock
V,Stock
VICI,Stock
VLO,Stock
VLTO,Stock
VMC,Stock
VRSK,Stock
VRSN,Stock
VRTX,Stock
VTR,Stock
VTRS,Stock
VZ,Stock
WAB,Stock
WAT,Stock
WBA,Stock
WBD,Stock
WDC,Stock
WEC,Stock
WELL,Stock
WFC,Stock
WM,Stock
WMB,Stock
WMT,Stock
WRB,Stock
WRK,Stock
WST,Stock
WTW,Stock
WY,Stock
WYNN,Stock
XEL,Stock
XOM,Stock
XYL,Stock
YUM,Stock
ZBH,Stock
ZBRA,Stock
ZTS,Stock
